No.,Folder,Times
8,[8-1] 2023-7-11-2-16-29-27,1
8,[8-3] 2023-7-11-2-16-35-14,3
8,[8-6] 2023-7-11-2-16-47-31,6
8,[8-8] 2023-7-11-2-16-44-8,8
8,[8-15] 2023-7-11-2-16-58-23,15
8,[8-20] 2023-7-11-2-18-18-35,20
8,[8-26] 2023-7-11-2-18-1-29,26
10,[10-1] 2023-7-11-2-20-47-40,1
10,[10-4] 2023-7-11-2-20-52-55,4
10,[10-5] 2023-7-11-2-20-54-37,5
10,[10-9] 2023-7-11-2-21-14-7,9
10,[10-12] 2023-7-11-2-21-56-14,12
10,[10-15] 2023-7-11-2-21-46-57,15
10,[10-23] 2023-7-11-2-21-33-23,23
10,[10-24] 2023-7-11-2-21-25-56,24
10,[10-25] 2023-7-11-2-21-27-41,25
18,[18-1] 2023-7-12-3-18-18-32,1
18,[18-3] 2023-7-12-3-18-21-14,3
18,[18-4] 2023-7-12-3-18-22-37,4
18,[18-5] 2023-7-12-3-17-14-26,5
18,[18-6] 2023-7-12-3-18-25-21,6
18,[18-7] 2023-7-12-3-18-26-42,7
18,[18-8] 2023-7-12-3-17-22-59,8
18,[18-9] 2023-7-12-3-17-24-32,9
18,[18-10] 2023-7-12-3-18-43-56,10
18,[18-11] 2023-7-12-3-18-45-16,11
18,[18-12] 2023-7-12-3-18-46-35,12
18,[18-13] 2023-7-12-3-18-47-56,13
18,[18-14] 2023-7-12-3-17-58-23,14
18,[18-15] 2023-7-12-3-18-0-4,15
18,[18-16] 2023-7-12-3-17-53-38,16
18,[18-17] 2023-7-12-3-18-53-16,17
18,[18-18] 2023-7-12-3-17-56-31,18
18,[18-19] 2023-7-12-3-17-26-4,19
18,[18-21] 2023-7-12-3-17-32-22,21
18,[18-22] 2023-7-12-3-18-35-13,22
18,[18-25] 2023-7-12-3-17-29-6,25
18,[18-26] 2023-7-12-3-18-40-47,26
18,[18-27] 2023-7-12-3-18-42-9,27
26,[26-2] 2023-7-13-4-15-35-29,2
26,[26-4] 2023-7-13-4-16-35-35,4
26,[26-5] 2023-7-13-4-16-36-55,5
26,[26-10] 2023-7-13-4-15-20-10,10
26,[26-18] 2023-7-13-4-16-24-12,18
26,[26-20] 2023-7-13-4-15-47-1,20
26,[26-21] 2023-7-13-4-15-48-15,21
26,[26-25] 2023-7-13-4-15-53-14,25
28,[28-2] 2023-7-13-4-17-59-19,2
28,[28-4] 2023-7-13-4-18-1-46,4
28,[28-6] 2023-7-13-4-19-21-40,6
28,[28-7] 2023-7-13-4-18-5-19,7
28,[28-8] 2023-7-13-4-18-6-31,8
28,[28-11] 2023-7-13-4-18-23-20,11
28,[28-12] 2023-7-13-4-18-24-31,12
28,[28-13] 2023-7-13-4-18-25-43,13
28,[28-14] 2023-7-13-4-19-28-26,14
28,[28-15] 2023-7-13-4-19-29-39,15
28,[28-17] 2023-7-13-4-19-32-12,17
28,[28-18] 2023-7-13-4-19-42-47,18
28,[28-20] 2023-7-13-4-19-10-32,20
28,[28-21] 2023-7-13-4-19-11-57,21
28,[28-22] 2023-7-13-4-18-12-57,22
28,[28-23] 2023-7-13-4-19-14-38,23
28,[28-24] 2023-7-13-4-19-15-59,24
28,[28-25] 2023-7-13-4-18-16-35,25
28,[28-26] 2023-7-13-4-19-19-0,26
28,[28-27] 2023-7-13-4-19-20-12,27
32,[32-1] 2023-7-14-5-8-27-4,1
32,[32-2] 2023-7-14-5-8-28-16,2
32,[32-3] 2023-7-14-5-9-39-32,3
32,[32-4] 2023-7-14-5-8-30-43,4
32,[32-5] 2023-7-14-5-8-31-54,5
32,[32-6] 2023-7-14-5-9-46-47,6
32,[32-7] 2023-7-14-5-9-48-4,7
32,[32-8] 2023-7-14-5-9-49-23,8
32,[32-9] 2023-7-14-5-9-50-41,9
32,[32-10] 2023-7-14-5-10-5-10,10
32,[32-11] 2023-7-14-5-10-6-32,11
32,[32-12] 2023-7-14-5-8-52-54,12
32,[32-13] 2023-7-14-5-8-54-6,13
32,[32-14] 2023-7-14-5-8-55-16,14
32,[32-15] 2023-7-14-5-8-56-32,15
32,[32-17] 2023-7-14-5-10-15-26,17
32,[32-18] 2023-7-14-5-10-16-43,18
32,[32-19] 2023-7-14-5-9-52-27,19
32,[32-20] 2023-7-14-5-9-53-56,20
32,[32-21] 2023-7-14-5-9-55-12,21
32,[32-22] 2023-7-14-5-9-56-34,22
32,[32-23] 2023-7-14-5-9-57-52,23
32,[32-24] 2023-7-14-5-9-59-7,24
32,[32-25] 2023-7-14-5-10-0-28,25
32,[32-26] 2023-7-14-5-10-1-46,26
32,[32-27] 2023-7-14-5-10-3-3,27
33,[33-1] 2023-7-17-1-14-25-52,1
33,[33-2] 2023-7-17-1-14-27-46,2
33,[33-3] 2023-7-17-1-14-30-13,3
33,[33-4] 2023-7-17-1-14-31-50,4
33,[33-5] 2023-7-17-1-13-43-36,5
33,[33-6] 2023-7-17-1-15-18-54,6
33,[33-7] 2023-7-17-1-14-37-47,7
33,[33-8] 2023-7-17-1-14-39-21,8
33,[33-9] 2023-7-17-1-14-41-3,9
33,[33-10] 2023-7-17-1-15-2-30,10
33,[33-11] 2023-7-17-1-15-4-11,11
33,[33-12] 2023-7-17-1-15-5-41,12
33,[33-13] 2023-7-17-1-15-40-8,13
33,[33-14] 2023-7-17-1-15-8-49,14
33,[33-15] 2023-7-17-1-15-47-49,15
33,[33-16] 2023-7-17-1-15-49-20,16
33,[33-17] 2023-7-17-1-15-50-45,17
33,[33-18] 2023-7-17-1-15-52-16,18
33,[33-21] 2023-7-17-1-15-23-55,21
33,[33-22] 2023-7-17-1-15-25-32,22
33,[33-23] 2023-7-17-1-14-52-7,23
33,[33-24] 2023-7-17-1-14-53-50,24
33,[33-25] 2023-7-17-1-14-55-37,25
33,[33-26] 2023-7-17-1-15-32-12,26
33,[33-27] 2023-7-17-1-15-33-35,27
35,[35-1] 2023-7-17-1-18-34-42,1
35,[35-2] 2023-7-17-1-18-36-6,2
35,[35-3] 2023-7-17-1-18-37-40,3
35,[35-4] 2023-7-17-1-17-10-32,4
35,[35-6] 2023-7-17-1-18-42-9,6
35,[35-7] 2023-7-17-1-17-55-14,7
35,[35-8] 2023-7-17-1-17-51-25,8
35,[35-9] 2023-7-17-1-18-51-48,9
35,[35-11] 2023-7-17-1-19-16-8,11
35,[35-12] 2023-7-17-1-19-17-55,12
35,[35-13] 2023-7-17-1-18-3-47,13
35,[35-14] 2023-7-17-1-18-5-13,14
35,[35-15] 2023-7-17-1-19-29-43,15
35,[35-18] 2023-7-17-1-19-35-51,18
35,[35-19] 2023-7-17-1-18-53-49,19
35,[35-20] 2023-7-17-1-17-31-49,20
35,[35-21] 2023-7-17-1-18-56-37,21
35,[35-23] 2023-7-17-1-17-36-45,23
35,[35-24] 2023-7-17-1-17-38-16,24
35,[35-26] 2023-7-17-1-19-8-25,26
35,[35-27] 2023-7-17-1-17-44-43,27
37,[37-2] 2023-7-17-1-21-54-38,2
37,[37-7] 2023-7-17-1-22-1-58,7
37,[37-8] 2023-7-17-1-22-3-17,8
37,[37-9] 2023-7-17-1-22-4-44,9
37,[37-11] 2023-7-17-1-22-8-11,11
37,[37-13] 2023-7-17-1-22-11-14,13
37,[37-15] 2023-7-17-1-22-21-31,15
37,[37-16] 2023-7-17-1-21-0-6,16
37,[37-17] 2023-7-17-1-21-1-38,17
37,[37-19] 2023-7-17-1-21-24-54,19
37,[37-22] 2023-7-17-1-20-37-20,22
37,[37-23] 2023-7-17-1-21-32-53,23
37,[37-24] 2023-7-17-1-21-34-45,24
37,[37-26] 2023-7-17-1-21-44-40,26
38,[38-1] 2023-7-18-2-10-16-52,1
38,[38-2] 2023-7-18-2-10-18-24,2
38,[38-3] 2023-7-18-2-8-23-30,3
38,[38-4] 2023-7-18-2-8-24-57,4
38,[38-5] 2023-7-18-2-10-23-5,5
38,[38-7] 2023-7-18-2-8-29-19,7
38,[38-8] 2023-7-18-2-8-30-42,8
38,[38-9] 2023-7-18-2-8-32-24,9
38,[38-12] 2023-7-18-2-11-16-48,12
38,[38-15] 2023-7-18-2-11-22-47,15
38,[38-20] 2023-7-18-2-8-38-25,20
38,[38-23] 2023-7-18-2-11-7-45,23
38,[38-24] 2023-7-18-2-10-58-56,24
38,[38-26] 2023-7-18-2-11-3-4,26
38,[38-27] 2023-7-18-2-8-54-55,27
39,[39-1] 2023-7-18-2-10-7-0,1
39,[39-2] 2023-7-18-2-10-8-27,2
39,[39-5] 2023-7-18-2-10-13-8,5
39,[39-6] 2023-7-18-2-8-54-53,6
39,[39-9] 2023-7-18-2-10-18-33,9
39,[39-13] 2023-7-18-2-9-32-3,13
39,[39-14] 2023-7-18-2-9-33-36,14
39,[39-16] 2023-7-18-2-9-36-39,16
39,[39-17] 2023-7-18-2-9-38-10,17
39,[39-22] 2023-7-18-2-10-27-23,22
39,[39-24] 2023-7-18-2-9-22-14,24
39,[39-26] 2023-7-18-2-10-24-6,26
42,[42-1] 2023-7-18-2-15-19-12,1
42,[42-2] 2023-7-18-2-16-17-5,2
42,[42-3] 2023-7-18-2-15-22-18,3
42,[42-4] 2023-7-18-2-15-23-53,4
42,[42-5] 2023-7-18-2-15-25-27,5
42,[42-6] 2023-7-18-2-16-21-52,6
42,[42-7] 2023-7-18-2-15-28-51,7
42,[42-8] 2023-7-18-2-15-30-30,8
42,[42-9] 2023-7-18-2-15-32-13,9
42,[42-10] 2023-7-18-2-15-34-56,10
42,[42-11] 2023-7-18-2-16-44-21,11
42,[42-12] 2023-7-18-2-15-38-28,12
42,[42-13] 2023-7-18-2-15-40-14,13
42,[42-14] 2023-7-18-2-15-41-53,14
42,[42-15] 2023-7-18-2-15-43-35,15
42,[42-17] 2023-7-18-2-15-46-46,17
42,[42-19] 2023-7-18-2-14-59-40,19
42,[42-20] 2023-7-18-2-15-5-11,20
42,[42-21] 2023-7-18-2-15-16-49,21
42,[42-22] 2023-7-18-2-15-6-50,22
42,[42-23] 2023-7-18-2-15-8-39,23
42,[42-24] 2023-7-18-2-15-10-13,24
42,[42-25] 2023-7-18-2-15-11-56,25
42,[42-26] 2023-7-18-2-15-13-28,26
42,[42-27] 2023-7-18-2-15-15-14,27
48,[48-3] 2023-7-19-3-9-9-20,3
48,[48-9] 2023-7-19-3-9-17-40,9
48,[48-10] 2023-7-19-3-9-32-14,10
48,[48-11] 2023-7-19-3-9-33-30,11
48,[48-15] 2023-7-19-3-8-39-7,15
48,[48-16] 2023-7-19-3-9-39-45,16
48,[48-17] 2023-7-19-3-8-41-46,17
48,[48-18] 2023-7-19-3-8-43-6,18
48,[48-19] 2023-7-19-3-9-20-20,19
48,[48-20] 2023-7-19-3-9-21-41,20
48,[48-22] 2023-7-19-3-9-24-8,22
48,[48-23] 2023-7-19-3-9-25-40,23
48,[48-24] 2023-7-19-3-9-26-53,24
48,[48-26] 2023-7-19-3-9-29-30,26
48,[48-27] 2023-7-19-3-9-30-43,27
49,[49-1] 2023-7-19-3-8-16-9,1
49,[49-2] 2023-7-19-3-8-17-29,2
49,[49-3] 2023-7-19-3-8-18-46,3
49,[49-4] 2023-7-19-3-8-20-0,4
49,[49-5] 2023-7-19-3-9-47-5,5
49,[49-6] 2023-7-19-3-8-22-37,6
49,[49-7] 2023-7-19-3-8-23-54,7
49,[49-8] 2023-7-19-3-8-25-18,8
49,[49-9] 2023-7-19-3-8-26-33,9
49,[49-10] 2023-7-19-3-9-6-51,10
49,[49-11] 2023-7-19-3-9-8-19,11
49,[49-12] 2023-7-19-3-8-44-57,12
49,[49-13] 2023-7-19-3-8-46-14,13
49,[49-14] 2023-7-19-3-9-12-18,14
49,[49-15] 2023-7-19-3-8-49-9,15
49,[49-16] 2023-7-19-3-9-14-59,16
49,[49-17] 2023-7-19-3-8-51-45,17
49,[49-18] 2023-7-19-3-8-52-59,18
49,[49-19] 2023-7-19-3-9-20-23,19
49,[49-20] 2023-7-19-3-8-30-37,20
49,[49-21] 2023-7-19-3-8-31-58,21
49,[49-22] 2023-7-19-3-9-25-43,22
49,[49-23] 2023-7-19-3-9-28-28,23
49,[49-24] 2023-7-19-3-8-36-3,24
49,[49-25] 2023-7-19-3-8-37-25,25
49,[49-26] 2023-7-19-3-8-38-52,26
49,[49-27] 2023-7-19-3-9-33-45,27
58,[58-1] 2023-7-19-3-14-44-9,1
58,[58-2] 2023-7-19-3-14-45-30,2
58,[58-4] 2023-7-19-3-14-48-14,4
58,[58-5] 2023-7-19-3-14-49-32,5
58,[58-6] 2023-7-19-3-12-58-31,6
58,[58-7] 2023-7-19-3-12-59-44,7
58,[58-8] 2023-7-19-3-13-1-7,8
58,[58-10] 2023-7-19-3-13-22-51,10
58,[58-11] 2023-7-19-3-13-24-28,11
58,[58-12] 2023-7-19-3-13-25-44,12
58,[58-13] 2023-7-19-3-13-27-0,13
58,[58-14] 2023-7-19-3-13-28-21,14
58,[58-15] 2023-7-19-3-13-30-2,15
58,[58-18] 2023-7-19-3-13-33-49,18
58,[58-19] 2023-7-19-3-14-26-46,19
58,[58-20] 2023-7-19-3-13-7-11,20
58,[58-21] 2023-7-19-3-15-29-10,21
58,[58-22] 2023-7-19-3-14-32-40,22
58,[58-23] 2023-7-19-3-14-34-30,23
58,[58-24] 2023-7-19-3-14-36-18,24
58,[58-25] 2023-7-19-3-13-14-5,25
58,[58-26] 2023-7-19-3-13-15-27,26
58,[58-27] 2023-7-19-3-14-41-57,27
60,[60-1] 2023-7-20-4-10-42-50,1
60,[60-2] 2023-7-20-4-10-46-57,2
60,[60-3] 2023-7-20-4-10-45-36,3
60,[60-4] 2023-7-20-4-11-43-39,4
60,[60-5] 2023-7-20-4-11-45-0,5
60,[60-6] 2023-7-20-4-10-50-59,6
60,[60-7] 2023-7-20-4-11-48-0,7
60,[60-8] 2023-7-20-4-11-49-21,8
60,[60-9] 2023-7-20-4-10-54-58,9
60,[60-10] 2023-7-20-4-10-57-18,10
60,[60-11] 2023-7-20-4-10-58-38,11
60,[60-12] 2023-7-20-4-11-10-10,12
60,[60-15] 2023-7-20-4-11-4-17,15
60,[60-16] 2023-7-20-4-11-5-36,16
60,[60-17] 2023-7-20-4-12-8-25,17
60,[60-18] 2023-7-20-4-11-8-15,18
60,[60-20] 2023-7-20-4-11-14-13,20
60,[60-23] 2023-7-20-4-12-31-30,23
60,[60-24] 2023-7-20-4-11-19-31,24
60,[60-25] 2023-7-20-4-11-21-7,25
60,[60-26] 2023-7-20-4-12-24-9,26
60,[60-27] 2023-7-20-4-11-23-45,27
61,[61-1] 2023-7-20-4-14-41-22,1
61,[61-2] 2023-7-20-4-13-28-50,2
61,[61-4] 2023-7-20-4-14-45-28,4
61,[61-6] 2023-7-20-4-13-40-39,6
61,[61-7] 2023-7-20-4-14-49-13,7
61,[61-8] 2023-7-20-4-13-38-4,8
61,[61-9] 2023-7-20-4-14-52-9,9
61,[61-15] 2023-7-20-4-15-24-31,15
61,[61-23] 2023-7-20-4-15-27-2,23
61,[61-25] 2023-7-20-4-15-17-36,25
61,[61-26] 2023-7-20-4-14-20-43,26
62,[62-1] 2023-7-20-4-15-53-0,1
62,[62-2] 2023-7-20-4-15-54-29,2
62,[62-3] 2023-7-20-4-16-48-49,3
62,[62-5] 2023-7-20-4-16-51-51,5
62,[62-6] 2023-7-20-4-16-53-18,6
62,[62-8] 2023-7-20-4-16-1-45,8
62,[62-9] 2023-7-20-4-16-3-8,9
62,[62-11] 2023-7-20-4-17-27-46,11
62,[62-12] 2023-7-20-4-16-33-42,12
62,[62-15] 2023-7-20-4-17-31-54,15
62,[62-16] 2023-7-20-4-16-28-15,16
62,[62-17] 2023-7-20-4-17-37-26,17
62,[62-18] 2023-7-20-4-17-36-7,18
62,[62-20] 2023-7-20-4-16-6-0,20
62,[62-21] 2023-7-20-4-17-2-30,21
62,[62-24] 2023-7-20-4-16-10-56,24
62,[62-25] 2023-7-20-4-17-8-21,25
63,[63-1] 2023-7-20-4-17-33-9,1
63,[63-2] 2023-7-20-4-17-55-30,2
63,[63-3] 2023-7-20-4-17-35-52,3
63,[63-4] 2023-7-20-4-17-58-30,4
63,[63-6] 2023-7-20-4-17-40-9,6
63,[63-9] 2023-7-20-4-18-5-49,9
63,[63-10] 2023-7-20-4-18-30-40,10
63,[63-12] 2023-7-20-4-18-33-31,12
63,[63-15] 2023-7-20-4-18-41-2,15
63,[63-20] 2023-7-20-4-17-21-53,20
63,[63-22] 2023-7-20-4-17-23-16,22
63,[63-24] 2023-7-20-4-18-14-46,24
64,[64-1] 2023-7-20-4-17-54-8,1
64,[64-2] 2023-7-20-4-19-30-14,2
64,[64-3] 2023-7-20-4-17-56-45,3
64,[64-4] 2023-7-20-4-19-22-18,4
64,[64-5] 2023-7-20-4-17-59-29,5
64,[64-6] 2023-7-20-4-18-1-20,6
64,[64-7] 2023-7-20-4-19-26-19,7
64,[64-8] 2023-7-20-4-19-27-38,8
64,[64-9] 2023-7-20-4-18-5-23,9
64,[64-10] 2023-7-20-4-18-21-49,10
64,[64-11] 2023-7-20-4-19-6-8,11
64,[64-12] 2023-7-20-4-18-38-5,12
64,[64-13] 2023-7-20-4-19-8-48,13
64,[64-14] 2023-7-20-4-18-27-34,14
64,[64-15] 2023-7-20-4-19-11-26,15
64,[64-16] 2023-7-20-4-19-12-44,16
64,[64-17] 2023-7-20-4-18-34-36,17
64,[64-18] 2023-7-20-4-18-33-20,18
64,[64-19] 2023-7-20-4-18-6-54,19
64,[64-20] 2023-7-20-4-18-8-19,20
64,[64-21] 2023-7-20-4-18-55-12,21
64,[64-22] 2023-7-20-4-18-56-36,22
64,[64-23] 2023-7-20-4-18-57-57,23
64,[64-24] 2023-7-20-4-18-59-16,24
64,[64-25] 2023-7-20-4-19-0-35,25
64,[64-27] 2023-7-20-4-19-3-24,27
65,[65-1] 2023-7-21-5-12-5-4,1
65,[65-5] 2023-7-21-5-12-27-24,5
65,[65-6] 2023-7-21-5-12-14-28,6
65,[65-8] 2023-7-21-5-12-21-53,8
65,[65-9] 2023-7-21-5-11-12-58,9
65,[65-10] 2023-7-21-5-12-50-6,10
65,[65-11] 2023-7-21-5-11-45-3,11
65,[65-13] 2023-7-21-5-11-47-49,13
65,[65-14] 2023-7-21-5-13-3-55,14
65,[65-15] 2023-7-21-5-12-59-6,15
65,[65-17] 2023-7-21-5-11-55-24,17
65,[65-18] 2023-7-21-5-13-1-59,18
65,[65-20] 2023-7-21-5-12-9-4,20
65,[65-21] 2023-7-21-5-12-10-18,21
65,[65-23] 2023-7-21-5-12-18-39,23
65,[65-24] 2023-7-21-5-12-17-8,24
65,[65-27] 2023-7-21-5-12-46-58,27
67,[67-1] 2023-7-21-5-14-58-8,1
67,[67-2] 2023-7-21-5-14-59-38,2
67,[67-4] 2023-7-21-5-13-52-46,4
67,[67-5] 2023-7-21-5-15-3-55,5
67,[67-6] 2023-7-21-5-13-55-45,6
67,[67-7] 2023-7-21-5-13-57-12,7
67,[67-8] 2023-7-21-5-13-58-55,8
67,[67-9] 2023-7-21-5-15-11-59,9
67,[67-11] 2023-7-21-5-14-30-58,11
67,[67-13] 2023-7-21-5-15-18-52,13
67,[67-14] 2023-7-21-5-14-34-58,14
67,[67-16] 2023-7-21-5-15-23-3,16
67,[67-18] 2023-7-21-5-15-25-43,18
67,[67-21] 2023-7-21-5-14-19-0,21
67,[67-22] 2023-7-21-5-14-7-18,22
67,[67-23] 2023-7-21-5-14-8-46,23
67,[67-24] 2023-7-21-5-15-37-31,24
67,[67-25] 2023-7-21-5-14-11-29,25
67,[67-26] 2023-7-21-5-15-42-53,26
67,[67-27] 2023-7-21-5-14-14-20,27
72,[72-1] 2023-6-30-5-11-2-15,1
72,[72-3] 2023-6-30-5-11-11-29,3
72,[72-5] 2023-6-30-5-11-15-51,5
72,[72-7] 2023-6-30-5-11-21-6,7
72,[72-8] 2023-6-30-5-12-21-55,8
72,[72-10] 2023-6-30-5-11-29-31,10
72,[72-11] 2023-6-30-5-11-31-58,11
72,[72-12] 2023-6-30-5-11-33-49,12
72,[72-14] 2023-6-30-5-11-37-30,14
72,[72-15] 2023-6-30-5-11-39-33,15
72,[72-17] 2023-6-30-5-11-47-40,17
72,[72-18] 2023-6-30-5-11-49-50,18
72,[72-20] 2023-6-30-5-11-55-59,20
72,[72-21] 2023-6-30-5-11-57-54,21
72,[72-22] 2023-6-30-5-11-59-58,22
72,[72-23] 2023-6-30-5-12-5-4,23
72,[72-24] 2023-6-30-5-12-7-4,24
72,[72-26] 2023-6-30-5-12-17-36,26
72,[72-27] 2023-6-30-5-12-13-47,27
